{
    "case_id": 1,
    "geometry": {
        "origin": [
            -266.5,
            -145.5,
            149.0
        ],
        "spacing": [
            1.04101562,
            1.04101562,
            5.0
        ],
        "size": [
            512,
            512,
            76
        ],
        "direction": [
            1.0,
            0.0,
            0.0,
            0.0,
            1.0,
            0.0,
            0.0,
            0.0,
            1.0
        ]
    },
    "label_mapping": {
        "Rectum": 8,
        "Bladder": 1,
        "Femur_Head_R": 4,
        "Femur_Head_L": 3,
        "SmallIntestine": 9,
        "Colon": 2
    },
    "source_files": {
        "rs_file": "RS.120600174.CT_1.dcm",
        "ct_series_uid": "1.2.840.113704.1.111.3156.1340156603.6"
    }
}