{
    "case_id": 100,
    "geometry": {
        "origin": [
            -285.0,
            -189.0,
            512.5
        ],
        "spacing": [
            1.11328125,
            1.11328125,
            5.0
        ],
        "size": [
            512,
            512,
            93
        ],
        "direction": [
            1.0,
            0.0,
            0.0,
            0.0,
            1.0,
            0.0,
            0.0,
            0.0,
            1.0
        ]
    },
    "label_mapping": {
        "Bladder": 1,
        "Colon": 2,
        "Femur_Head_L": 3,
        "Femur_Head_R": 4,
        "Rectum": 8,
        "SmallIntestine": 9
    },
    "source_files": {
        "rs_file": "RS.210409639.CT_1.0002.dcm",
        "ct_series_uid": "1.2.840.113704.1.111.7740.1617763890.6"
    }
}