{
    "case_id": 11,
    "geometry": {
        "origin": [
            -201.0,
            -78.0,
            340.500031
        ],
        "spacing": [
            0.78515625,
            0.78515625,
            5.000000006849315
        ],
        "size": [
            512,
            512,
            74
        ],
        "direction": [
            1.0,
            0.0,
            0.0,
            0.0,
            1.0,
            0.0,
            0.0,
            0.0,
            1.0
        ]
    },
    "label_mapping": {
        "Rectum": 8,
        "Bladder": 1,
        "Femur_Head_R": 4,
        "Femur_Head_L": 3,
        "SmallIntestine": 9,
        "Colon": 2
    },
    "source_files": {
        "rs_file": "RS.130300613.CT_1.0001.dcm",
        "ct_series_uid": "1.2.840.113704.1.111.6088.1364434908.6"
    }
}