{
    "case_id": 13,
    "geometry": {
        "origin": [
            -225.5,
            -123.5,
            -1219.0
        ],
        "spacing": [
            0.880859375,
            0.880859375,
            5.0
        ],
        "size": [
            512,
            512,
            81
        ],
        "direction": [
            1.0,
            0.0,
            0.0,
            0.0,
            1.0,
            0.0,
            0.0,
            0.0,
            1.0
        ]
    },
    "label_mapping": {
        "Rectum": 8,
        "Bladder": 1,
        "Femur_Head_R": 4,
        "Femur_Head_L": 3,
        "SmallIntestine": 9,
        "Colon": 2
    },
    "source_files": {
        "rs_file": "RS.130400631.CT_1.dcm",
        "ct_series_uid": "1.2.840.113704.1.111.4264.1365298628.6"
    }
}