{
    "case_id": 29,
    "geometry": {
        "origin": [
            -218.5,
            -93.5,
            37.5
        ],
        "spacing": [
            0.853515625,
            0.853515625,
            5.0
        ],
        "size": [
            512,
            512,
            90
        ],
        "direction": [
            1.0,
            0.0,
            0.0,
            0.0,
            1.0,
            0.0,
            0.0,
            0.0,
            1.0
        ]
    },
    "label_mapping": {
        "Rectum": 8,
        "Bladder": 1,
        "Femur_Head_R": 4,
        "Femur_Head_L": 3,
        "SmallIntestine": 9,
        "Colon": 2
    },
    "source_files": {
        "rs_file": "RS.140701552.CT_1.dcm",
        "ct_series_uid": "1.2.840.113704.1.111.4408.1405997863.6"
    }
}