{
    "case_id": 30,
    "geometry": {
        "origin": [
            -204.5,
            -86.5,
            249.5
        ],
        "spacing": [
            0.798828125,
            0.798828125,
            5.0
        ],
        "size": [
            512,
            512,
            88
        ],
        "direction": [
            1.0,
            0.0,
            0.0,
            0.0,
            1.0,
            0.0,
            0.0,
            0.0,
            1.0
        ]
    },
    "label_mapping": {
        "Rectum": 8,
        "Bladder": 1,
        "Femur_Head_R": 4,
        "Femur_Head_L": 3,
        "SmallIntestine": 9,
        "Colon": 2
    },
    "source_files": {
        "rs_file": "RS.140801591.CT_1.dcm",
        "ct_series_uid": "1.2.840.113704.1.111.8164.1407982187.6"
    }
}