{
    "case_id": 36,
    "geometry": {
        "origin": [
            -245.0,
            -99.0,
            399.999969
        ],
        "spacing": [
            0.95703125,
            0.95703125,
            4.9999999940740745
        ],
        "size": [
            512,
            512,
            82
        ],
        "direction": [
            1.0,
            0.0,
            0.0,
            0.0,
            1.0,
            0.0,
            0.0,
            0.0,
            1.0
        ]
    },
    "label_mapping": {
        "Bladder": 1,
        "Colon": 2,
        "Rectum": 8
    },
    "source_files": {
        "rs_file": "RS.141101818.9778 _ PELVIS-RT.dcm",
        "ct_series_uid": "1.2.840.113704.1.111.4460.1416881998.6"
    }
}