{
    "case_id": 45,
    "geometry": {
        "origin": [
            -217.0,
            -107.0,
            533.499969
        ],
        "spacing": [
            0.84765625,
            0.84765625,
            5.0
        ],
        "size": [
            512,
            512,
            87
        ],
        "direction": [
            1.0,
            0.0,
            0.0,
            0.0,
            1.0,
            0.0,
            0.0,
            0.0,
            1.0
        ]
    },
    "label_mapping": {
        "Rectum": 8,
        "SmallIntestine": 9,
        "Colon": 2,
        "Bladder": 1
    },
    "source_files": {
        "rs_file": "RS.180404806.CT_PS1.dcm",
        "ct_series_uid": "1.2.840.113704.1.111.7228.1523411742.6"
    }
}