{
    "case_id": 47,
    "geometry": {
        "origin": [
            -250.0,
            -143.0,
            285.0
        ],
        "spacing": [
            0.9765625,
            0.9765625,
            5.0
        ],
        "size": [
            512,
            512,
            91
        ],
        "direction": [
            1.0,
            0.0,
            0.0,
            0.0,
            1.0,
            0.0,
            0.0,
            0.0,
            1.0
        ]
    },
    "label_mapping": {
        "Bladder": 1,
        "Femur_Head_L": 3,
        "Femur_Head_R": 4,
        "Rectum": 8,
        "SmallIntestine": 9,
        "SpinalCord": 10,
        "Kidney_L": 5,
        "Kidney_R": 6,
        "Liver": 7,
        "Stomach": 11,
        "Colon": 2
    },
    "source_files": {
        "rs_file": "RS.181205674.2022-05-27 11_18.dcm",
        "ct_series_uid": "1.2.840.113704.1.111.6260.1653616342.6"
    }
}