{
    "case_id": 67,
    "geometry": {
        "origin": [
            -253.0,
            -145.0,
            40.5
        ],
        "spacing": [
            0.98828125,
            0.98828125,
            5.0
        ],
        "size": [
            512,
            512,
            110
        ],
        "direction": [
            1.0,
            0.0,
            0.0,
            0.0,
            1.0,
            0.0,
            0.0,
            0.0,
            1.0
        ]
    },
    "label_mapping": {
        "SpinalCord": 10,
        "Liver": 7,
        "Stomach": 11,
        "Kidney_L": 5,
        "Kidney_R": 6,
        "Femur_Head_L": 3,
        "Femur_Head_R": 4,
        "Bladder": 1,
        "Rectum": 8,
        "SmallIntestine": 9,
        "Colon": 2
    },
    "source_files": {
        "rs_file": "RS.200708143.2020-07-22 15_01.dcm",
        "ct_series_uid": "1.2.840.113704.1.111.2060.1595401424.6"
    }
}