{
    "case_id": 73,
    "geometry": {
        "origin": [
            -210.0,
            -76.0,
            573.999969
        ],
        "spacing": [
            0.8203125,
            0.8203125,
            4.999999994949494
        ],
        "size": [
            512,
            512,
            100
        ],
        "direction": [
            1.0,
            0.0,
            0.0,
            0.0,
            1.0,
            0.0,
            0.0,
            0.0,
            1.0
        ]
    },
    "label_mapping": {
        "Colon": 2,
        "SpinalCord": 10,
        "Rectum": 8,
        "Femur_Head_R": 4,
        "Femur_Head_L": 3,
        "Bladder": 1
    },
    "source_files": {
        "rs_file": "RS.200808313.2020-08-21 10_45.dcm",
        "ct_series_uid": "1.2.840.113704.1.111.7580.1597976952.6"
    }
}