{
    "case_id": 77,
    "geometry": {
        "origin": [
            -260.0,
            -118.0,
            -321.5
        ],
        "spacing": [
            1.015625,
            1.015625,
            5.0
        ],
        "size": [
            512,
            512,
            89
        ],
        "direction": [
            1.0,
            0.0,
            0.0,
            0.0,
            1.0,
            0.0,
            0.0,
            0.0,
            1.0
        ]
    },
    "label_mapping": {
        "Bladder": 1,
        "Femur_Head_L": 3,
        "Femur_Head_R": 4,
        "Rectum": 8,
        "Colon": 2,
        "SmallIntestine": 9,
        "SpinalCord": 10
    },
    "source_files": {
        "rs_file": "RS.201008620.2020-10-22 10_07.dcm",
        "ct_series_uid": "1.2.840.113704.1.111.3660.1603332452.6"
    }
}