{
    "case_id": 78,
    "geometry": {
        "origin": [
            -266.0,
            -145.0,
            -314.5
        ],
        "spacing": [
            1.0390625,
            1.0390625,
            5.0
        ],
        "size": [
            512,
            512,
            97
        ],
        "direction": [
            1.0,
            0.0,
            0.0,
            0.0,
            1.0,
            0.0,
            0.0,
            0.0,
            1.0
        ]
    },
    "label_mapping": {
        "SpinalCord": 10,
        "SmallIntestine": 9,
        "Colon": 2,
        "Rectum": 8,
        "Femur_Head_R": 4,
        "Femur_Head_L": 3,
        "Bladder": 1
    },
    "source_files": {
        "rs_file": "RS.201008625.2020-10-22 10_23.dcm",
        "ct_series_uid": "1.2.840.113704.1.111.2356.1603333147.6"
    }
}