{
    "case_id": 79,
    "geometry": {
        "origin": [
            -235.0,
            -113.0,
            200.0
        ],
        "spacing": [
            0.91796875,
            0.91796875,
            5.0
        ],
        "size": [
            512,
            512,
            89
        ],
        "direction": [
            1.0,
            0.0,
            0.0,
            0.0,
            1.0,
            0.0,
            0.0,
            0.0,
            1.0
        ]
    },
    "label_mapping": {
        "Bladder": 1,
        "Femur_Head_L": 3,
        "Femur_Head_R": 4,
        "Rectum": 8,
        "SmallIntestine": 9,
        "SpinalCord": 10
    },
    "source_files": {
        "rs_file": "RS.201008645.2020-10-28 09_40.dcm",
        "ct_series_uid": "1.2.840.113704.1.111.1244.1603849201.6"
    }
}