{
    "case_id": 8,
    "geometry": {
        "origin": [
            -250.0,
            -130.0,
            -603.5
        ],
        "spacing": [
            0.9765625,
            0.9765625,
            5.0
        ],
        "size": [
            512,
            512,
            91
        ],
        "direction": [
            1.0,
            0.0,
            0.0,
            0.0,
            1.0,
            0.0,
            0.0,
            0.0,
            1.0
        ]
    },
    "label_mapping": {
        "Rectum": 8,
        "Bladder": 1,
        "Femur_Head_R": 4,
        "Femur_Head_L": 3,
        "SmallIntestine": 9,
        "Colon": 2
    },
    "source_files": {
        "rs_file": "RS.121200422.CT_1.0001.dcm",
        "ct_series_uid": "1.2.840.113704.1.111.2284.1354844429.6"
    }
}