{
    "case_id": 82,
    "geometry": {
        "origin": [
            -254.5,
            -131.5,
            -438.0
        ],
        "spacing": [
            0.994140625,
            0.994140625,
            5.0
        ],
        "size": [
            512,
            512,
            99
        ],
        "direction": [
            1.0,
            0.0,
            0.0,
            0.0,
            1.0,
            0.0,
            0.0,
            0.0,
            1.0
        ]
    },
    "label_mapping": {
        "Bladder": 1,
        "Femur_Head_L": 3,
        "Femur_Head_R": 4,
        "Rectum": 8,
        "Colon": 2,
        "SmallIntestine": 9,
        "SpinalCord": 10,
        "Kidney_L": 5,
        "Kidney_R": 6,
        "Liver": 7,
        "Stomach": 11
    },
    "source_files": {
        "rs_file": "RS.201108729.2020-11-11 10_14.dcm",
        "ct_series_uid": "1.2.840.113704.1.111.6376.1605060756.6"
    }
}