{
    "case_id": 87,
    "geometry": {
        "origin": [
            -236.5,
            -117.5,
            116.5
        ],
        "spacing": [
            0.923828125,
            0.923828125,
            5.0
        ],
        "size": [
            512,
            512,
            86
        ],
        "direction": [
            1.0,
            0.0,
            0.0,
            0.0,
            1.0,
            0.0,
            0.0,
            0.0,
            1.0
        ]
    },
    "label_mapping": {
        "Bladder": 1,
        "Femur_Head_L": 3,
        "Femur_Head_R": 4,
        "Rectum": 8,
        "Colon": 2,
        "SmallIntestine": 9,
        "SpinalCord": 10,
        "Kidney_L": 5,
        "Kidney_R": 6,
        "Liver": 7,
        "Stomach": 11
    },
    "source_files": {
        "rs_file": "RS.201208881.2020-12-10 10_18.dcm",
        "ct_series_uid": "1.2.840.113704.1.111.3412.1607565481.6"
    }
}