{
    "case_id": 90,
    "geometry": {
        "origin": [
            -250.0,
            -128.0,
            538.0
        ],
        "spacing": [
            0.9765625,
            0.9765625,
            5.0
        ],
        "size": [
            512,
            512,
            95
        ],
        "direction": [
            1.0,
            0.0,
            0.0,
            0.0,
            1.0,
            0.0,
            0.0,
            0.0,
            1.0
        ]
    },
    "label_mapping": {
        "Bladder": 1,
        "Femur_Head_L": 3,
        "Femur_Head_R": 4,
        "Rectum": 8,
        "Colon": 2,
        "SmallIntestine": 9,
        "SpinalCord": 10,
        "Kidney_L": 5,
        "Kidney_R": 6,
        "Liver": 7,
        "Stomach": 11
    },
    "source_files": {
        "rs_file": "RS.210109052.2021-01-05 15_11.dcm",
        "ct_series_uid": "1.2.840.113704.1.111.4280.1609829910.6"
    }
}