{
    "case_id": 92,
    "geometry": {
        "origin": [
            -209.5,
            -80.5,
            58.0
        ],
        "spacing": [
            0.818359375,
            0.818359375,
            5.0
        ],
        "size": [
            512,
            512,
            102
        ],
        "direction": [
            1.0,
            0.0,
            0.0,
            0.0,
            1.0,
            0.0,
            0.0,
            0.0,
            1.0
        ]
    },
    "label_mapping": {
        "Bladder": 1,
        "Femur_Head_L": 3,
        "Femur_Head_R": 4,
        "Rectum": 8,
        "SmallIntestine": 9,
        "SpinalCord": 10,
        "Kidney_L": 5,
        "Kidney_R": 6,
        "Liver": 7,
        "Stomach": 11,
        "Colon": 2
    },
    "source_files": {
        "rs_file": "RS.210109128.2021-01-19 09_13.dcm",
        "ct_series_uid": "1.2.840.113704.1.111.7444.1610934882.6"
    }
}