{
    "case_id": 97,
    "geometry": {
        "origin": [
            -268.5,
            -157.5,
            331.000031
        ],
        "spacing": [
            1.04882812,
            1.04882812,
            5.0
        ],
        "size": [
            512,
            512,
            90
        ],
        "direction": [
            1.0,
            0.0,
            0.0,
            0.0,
            1.0,
            0.0,
            0.0,
            0.0,
            1.0
        ]
    },
    "label_mapping": {
        "Bladder": 1,
        "Femur_Head_L": 3,
        "Femur_Head_R": 4,
        "Rectum": 8,
        "SmallIntestine": 9,
        "SpinalCord": 10,
        "Kidney_L": 5,
        "Kidney_R": 6,
        "Liver": 7,
        "Stomach": 11,
        "Colon": 2
    },
    "source_files": {
        "rs_file": "RS.210309536.2021-03-23 11_28.dcm",
        "ct_series_uid": "1.2.840.113704.1.111.7744.1616468131.6"
    }
}